task_id,worker_id,passed,total,pass_rate,duration_s,loc
R52,0,0,6,0,601.57,0
D2,0,5,5,1,269.15,0
E1,0,0,0,0,577.42,0
E1,0,4,4,1,575.15,0
T02,1,5,5,1,0.1,3
E2,0,3,3,1,428.25,0
E3,1,0,2,0,575.03,0
E3,0,2,2,1,572.98,0
T02,1,5,5,1,0.1,3
E4,0,2,2,1,567.55,0
T02,1,5,5,1,0.1,3
T12,0,0,1,0,597.6,0
T12,0,0,1,0,1614.69,0
T12,0,0,1,0,829.38,0
T12,0,0,1,0,1797.07,0
T12,0,0,1,0,921.97,0
T12,0,0,1,0,743.61,0
T12,0,0,1,0,845.82,0
T12,0,0,1,0,1793.6,0
T12,0,0,1,0,1792.51,0
T12,0,0,1,0,1288.01,0
T12,0,0,1,0,1757.37,0
T12,0,0,1,0,1733.04,0
T12,0,0,1,0,698.86,0
T12,0,0,1,0,1466.44,0
T12,0,0,1,0,1686.09,0
T12,0,0,1,0,1273.59,0
T12,0,0,1,0,758.59,0
T12,0,0,1,0,561.22,0
T12,0,0,1,0,958.02,0
T12,0,0,1,0,728.49,0
T12,0,0,1,0,1603.87,0
T12,0,0,1,0,1067.87,0
T12,0,0,1,0,763.68,0
T12,0,0,1,0,1712.94,0
T12,0,0,1,0,857.42,0
T12,0,0,1,0,1725.73,0
T12,0,0,1,0,1510,0
T12,0,0,1,0,1716.62,0
T12,0,0,1,0,1645.32,0
T12,0,0,1,0,1335.45,0
T12,0,0,1,0,1354.5,0
T12,0,0,1,0,1207.73,0
T12,0,0,1,0,389.64,0
T12,0,0,1,0,348.13,0
T12,0,0,1,0,845.38,0
